[
    [
        "Akkaraipattu Branch",
        7.223072,
        81.849987,
        140,
        "No 210, Main Street, Akkaraipattu. Tel: 0677857107",
        "Monday - Friday : 9.00 am to 3.00 pm, Weekends & Bank Holidays : Closed ",
        "Eastern Province",
        "Akkaraipattu",
        "94",
        "2"
    ],
    [
        "Akuressa Branch",
        6.097678,
        80.477004,
        139,
        "No 73, Matara Road, Akuressa. Tel: 0414938075 ",
        "Monday - Friday : 9.00 am to 3.00 pm, Weekends & Bank Holidays : Closed ",
        "Southern Province",
        "Akuressa",
        "131",
        "8"
    ],
    [
        "Aluthgama Branch",
        6.430673,
        79.9995,
        138,
        "No. 411, Galle Road, Aluthgama. Tel: 0344947745",
        "Monday - Friday : 9.00 am to 3.00 pm, Weekends & Bank Holidays : Closed ",
        "Western Province",
        "Aluthgama",
        "24",
        "10"
    ],
    [
        "Ambalangoda Branch",
        6.233702,
        80.054301,
        137,
        "No.20, 5th Cross Street, Ambalangoda. Tel: 0914943897",
        "Monday - Friday : 9.00 am to 3.00 pm, Saturdays : 9.00 am to 12.00 noon, Sundays & Bank Holidays : Closed",
        "Southern Province",
        "Ambalangoda",
        "132",
        "8"
    ],
    [
        "Ambalantota Branch",
        6.122429,
        81.022401,
        136,
        "No 61, Main Street, Ambalantota. Tel: 0474937045 ",
        "Monday - Friday : 9.00 am to 3.00 pm, Weekends & Bank Holidays : Closed ",
        "Southern Province",
        "Ambalantota",
        "166",
        "8"
    ],
    [
        "Ampara offsite",
        7.291592,
        81.675122,
        135,
        "No.22, Liyanwala building, Ampara",
        "",
        "Eastern Province",
        "Ampara",
        "95",
        "2"
    ],
    [
        "ANC Education",
        6.9088313,
        79.8525104,
        134,
        "308, 310 R. A. De Mel Mawatha, Colombo",
        "",
        "Western Province",
        "Colombo",
        "278",
        "10"
    ],
    [
        "Anuradhapura Branch",
        8.340827,
        80.411404,
        133,
        "No.249A, Maithripala Senanayake Mawatha, Anuradhapura. Tel: 0254928631",
        "Monday - Friday : 9.00 am to 3.00 pm, Saturdays : 9.00 am to 12.00 noon, Sundays & Bank Holidays : Closed",
        "North-Central Province",
        "Anuradhapura",
        "88",
        "3"
    ],
    [
        "Arpico Hyde Park",
        6.917719,
        79.860621,
        132,
        "Arpico Super Centre, No.69, Hyde Park Corner, Colombo 02.",
        "",
        "Western Province",
        "Colombo 02",
        "19",
        "10"
    ],
    [
        "Arpico Navinna",
        6.85262,
        79.917838,
        131,
        "Arpico Super Centre, No.310, High Level Road, Navinna, Maharagama",
        "",
        "Western Province",
        "Maharagama",
        "46",
        "10"
    ],
    [
        "Asiri Hospital Ltd",
        6.893193,
        79.874432,
        130,
        "No. 181, Kirula Road, Narahenpita ",
        "",
        "Western Province",
        "Narahenpita",
        "230",
        "10"
    ],
    [
        "Asiri Surgical Hospital",
        6.894581,
        79.880215,
        129,
        "No. 21, Kirimandala Mawatha, Narahenpita.",
        "",
        "Western Province",
        "Narahenpita",
        "230",
        "10"
    ],
    [
        "Attidiya",
        6.837412,
        79.884872,
        128,
        "74, Main Road, Attidiya, Dehiwala",
        "",
        "Western Province",
        "Attidiya",
        "282",
        "10"
    ],
    [
        "Avissawella",
        6.948611,
        80.214221,
        127,
        "No 107, Rathnapura Road, Avissawella. Tel: 0364932131",
        "Monday - Friday : 9.00 am to 3.00 pm, Weekends & Bank Holidays : Closed ",
        "Western Province",
        "Avissawella",
        "26",
        "10"
    ],
    [
        "Badulla Branch",
        6.984486,
        81.058489,
        126,
        "No 10, Bank Road, Badulla. Tel: 0554936140",
        "Monday - Friday : 9.00 am to 3.00 pm, Weekends & Bank Holidays : Closed ",
        "Uva Province",
        "Badulla",
        "148",
        "9"
    ],
    [
        "Balangoda Branch",
        6.647244,
        80.697838,
        125,
        "No. 86/A, Barnes Ratwatte Mawatha, Balangoda. Tel: 0454935015",
        "Monday - Friday : 9.00 am to 3.00 pm, Weekends & Bank Holidays : Closed",
        "Sabaragamuwa Province",
        "Balangoda",
        "122",
        "7"
    ],
    [
        "Bandaragama Branch",
        6.713494,
        79.989378,
        124,
        "No 18/2, Kalutara Road, Bandaragama. Tel: 0384933020 ",
        "Monday - Friday : 9.00 am to 3.00 pm, Weekends & Bank Holidays : Closed ",
        "Western Province",
        "Bandaragama",
        "176",
        "10"
    ],
    [
        "Bandarawela Branch",
        6.829546,
        80.994593,
        123,
        "No. 326, Badulla Road, Bandarawela. Tel: 0574496012",
        "Monday - Friday : 9.00 am to 3.00 pm, Saturdays : 9.00 am to 12.00 noon, Sundays & Bank Holidays : Closed",
        "Uva Province",
        "Bandarawela",
        "149",
        "9"
    ],
    [
        "Battaramulla Branch",
        6.899559,
        79.922258,
        122,
        "No. 103 A, Pannipitiya Road, Battaramulla. Tel: 0114412118",
        "Monday - Friday : 9.00 am to 3.00 pm, Weekends & Bank Holidays : Closed ",
        "Western Province",
        "Battaramulla",
        "37",
        "10"
    ],
    [
        "Batticaloa Branch",
        7.719413,
        81.70018,
        121,
        "29, Bar Road, Batticaloa. Tel: 0654923803",
        "Monday - Friday : 9.00 am to 3.00 pm, Weekends & Bank Holidays : Closed ",
        "Eastern Province",
        "Batticaloa",
        "96",
        "2"
    ],
    [
        "Boralesgamuwa Branch",
        6.841103,
        79.903075,
        120,
        "No. 36, Lake Rd, Boralesgamuwa. Tel: 0114387677",
        "Monday - Friday : 9.00 am to 3.00 pm, Weekends & Bank Holidays : Closed ",
        "Western Province",
        "Boralesgamuwa",
        "29",
        "10"
    ],
    [
        "Borella Branch",
        6.912271,
        79.87775,
        119,
        "No. 67 D S Senanayake Mawatha Borella, Colombo 8. Tel: 0114616265",
        "Monday - Friday : 9.00 am to 3.00 pm, Weekends & Bank Holidays : Closed ",
        "Western Province",
        "Colombo 08",
        "5",
        "10"
    ],
    [
        "Borella Keells",
        6.911019,
        79.887133,
        118,
        "Keells Super- Borella, No 85, Dr N.M. Perera Mawatha, Colombo 08",
        "",
        "Western Province",
        "Colombo 08",
        "5",
        "10"
    ],
    [
        "Chilaw Branch",
        7.576849,
        79.797425,
        117,
        "No 43, Kurunegala Road, Chilaw. Tel: 0324928980",
        "Monday - Friday : 9.00 am to 3.00 pm, Weekends & Bank Holidays : Closed ",
        "North-Western Province",
        "Chilaw",
        "73",
        "5"
    ],
    [
        "CINEC",
        6.9156853,
        79.9600019,
        116,
        "CINEC Maritime Campus, Millennium Drive, IT Park, Malabe",
        "",
        "Western Province",
        "Malabe",
        "16",
        "10"
    ],
    [
        "Cinnamon Gardens Branch",
        6.909211,
        79.863751,
        115,
        "4A, Independence Avenue, Colombo 07. Tel: 0117857097 - 8 ",
        "Monday - Friday : 9.00 am to 3.00 pm, Weekends & Bank Holidays : Closed ",
        "Western Province",
        "Colombo 07",
        "3",
        "10"
    ],
    [
        "Cinnamon Lakeside",
        6.929139,
        79.849171,
        114,
        "No: 115, Sir Chitthampalam A Gardiner Mawatha, Colombo 02.",
        "",
        "Western Province",
        "Colombo 02",
        "19",
        "10"
    ],
    [
        "City Branch",
        6.934599,
        79.844647,
        113,
        "No. 76, York Street, Colombo 01. (Adjoining Laksala). Tel: 0114738902",
        "Monday - Friday : 9.00 am to 3.00 pm, Weekends & Bank Holidays : Closed ",
        "Western Province",
        "Colombo 01",
        "6",
        "10"
    ],
    [
        "Corporate Branch",
        6.920484,
        79.856824,
        112,
        "No. 242, Union Place, Colombo 02. Tel: 0114313206",
        "Monday - Friday : 9.00 am to 3.00 pm, Weekends & Bank Holidays : Closed ",
        "Western Province",
        "Colombo 02",
        "19",
        "10"
    ],
    [
        "Crescat Branch",
        6.917069,
        79.848208,
        111,
        "B 14, Basement, Crescat Boulevard, Galle Road, Colombo 03. Tel: 0114741333",
        "Monday - Friday : 9.00 am to 3.00 pm, Weekends & Bank Holidays : Closed",
        "Western Province",
        "Colombo 03",
        "9",
        "10"
    ],
    [
        "Dambulla Branch",
        7.8776097,
        80.6506801,
        110,
        "No. 700, Anuradhapura Road, Dambulla. Tel: 0667857133",
        "Monday - Friday : 9.00 am to 3.00 pm, Weekends & Bank Holidays : Closed ",
        "Central Province",
        "Dambulla",
        "106",
        "1"
    ],
    [
        "Dambulla Offsite ATM",
        7.8799531,
        80.6505999,
        109,
        "Dambulla Giman Hala, Dambulla",
        "",
        "Central Province",
        "Dambulla",
        "106",
        "1"
    ],
    [
        "Dehiwala Branch",
        6.854257,
        79.865735,
        108,
        "No. 163, Galle Road, Dehiwala. Tel: 0114203001",
        "Monday - Friday : 9.00 am to 3.00 pm, Weekends & Bank Holidays : Closed ",
        "Western Province",
        "Dehiwala",
        "30",
        "10"
    ],
    [
        "Deniyaya Branch",
        6.344083,
        80.559543,
        107,
        "No 11, Main Street, Deniyaya. Tel: 0414938015",
        "Monday - Friday : 9.00 am to 3.00 pm, Weekends & Bank Holidays : Closed ",
        "Southern Province",
        "Deniyaya",
        "135",
        "8"
    ],
    [
        "Digana Branch",
        7.296817,
        80.731018,
        106,
        "No. 964/6, Nilagama, Digana, Rajawella. Tel: 0814953765 ",
        "Monday - Friday : 9.00 am to 3.00 pm, Weekends & Bank Holidays : Closed ",
        "Central Province",
        "Rajawella",
        "276",
        "1"
    ],
    [
        "Digana Branch",
        7.296817,
        80.731018,
        105,
        "No. 964/6, Nilagama, Digana, Rajawella. Tel: 0814953765 ",
        "Monday - Friday : 9.00 am to 3.00 pm, Weekends & Bank Holidays : Closed ",
        "Central Province",
        "Rajawella",
        "276",
        "1"
    ],
    [
        "Digana Offsite ATM",
        7.2804182,
        80.7254263,
        104,
        "MAS Factory, BOI, Pallekelle",
        "",
        "Central Province",
        "Digana",
        "107",
        "1"
    ],
    [
        "Elpitiya Branch",
        6.289821,
        80.161374,
        103,
        "No. 42, Ambalangoda Road, Elpitya. Tel: 0914946454",
        "Monday - Friday : 9.00 am to 3.00 pm, Weekends & Bank Holidays : Closed ",
        "Southern Province",
        "Elpitiya",
        "136",
        "8"
    ],
    [
        "Embilipitiya Branch",
        6.332363,
        80.854774,
        102,
        "No. 70, New Town Road, Embilipitiya. Tel: 0474937017",
        "Monday - Friday : 9.00 am to 3.00 pm, Weekends & Bank Holidays : Closed ",
        "Sabaragamuwa Povince",
        "Embilipitiya",
        "123",
        "7"
    ],
    [
        "Galle Branch",
        6.035812,
        80.220918,
        101,
        "No. 144, Matara Road, Pettigalawatta, Galle. Tel: 0914937184",
        "Monday - Friday : 9.00 am to 3.00 pm, Saturdays : 9.00 am to 12.00 noon, Sundays & Bank Holidays : Closed",
        "Southern Province",
        "Galle",
        "137",
        "8"
    ],
    [
        "Gampaha Branch",
        7.091612,
        79.998106,
        100,
        "No. 112, Baudhaloka Mawatha, Gampaha. Tel: 0334670773",
        "Monday - Friday : 9.00 am to 3.00 pm, Weekends & Bank Holidays : Closed ",
        "Western Province",
        "Gampaha",
        "33",
        "10"
    ],
    [
        "Gampaha Railway Station",
        7.093772,
        79.993867,
        99,
        "Railway station, Gampaha",
        "",
        "Western Province",
        "Gampaha",
        "33",
        "10"
    ],
    [
        "Gampola Branch",
        7.160383,
        80.565322,
        98,
        "No. 13, Nawalapitiya Road, Gampola. Tel: 0814953843",
        "Monday - Friday : 9.00 am to 3.00 pm, Weekends & Bank Holidays : Closed ",
        "Central Province",
        "Gampola",
        "108",
        "1"
    ],
    [
        "Ganemulla",
        7.068506,
        79.960656,
        97,
        "Sri Lanka Railway Station, Ganemulla.",
        "",
        "North-Western Province",
        "Ganemulla",
        "179",
        "10"
    ],
    [
        "Giriulla Branch",
        7.331638,
        80.124106,
        96,
        "No.145/A,  Kurunegala Road, Giriulla. Tel: 0374947595",
        "Monday - Friday : 9.00 am to 3.00 pm, Weekends & Bank Holidays : Closed ",
        "North-Western Province",
        "Giriulla",
        "180",
        "10"
    ],
    [
        "Gothatuwa Branch",
        6.922597,
        79.913817,
        95,
        "No. 35, New Town, Gothatuwa, IDH. Tel: 0114388450",
        "Monday - Friday : 9.00 am to 3.00 pm, Weekends & Bank Holidays : Closed ",
        "Western Province",
        "Gothatuwa",
        "279",
        "10"
    ],
    [
        "Hambantota Branch",
        6.127873,
        81.125784,
        94,
        "No - 39, Main Road, Hambantota. Tel: 0474641012",
        "Monday - Friday : 9.00 am to 3.00 pm, Weekends & Bank Holidays : Closed",
        "Southern Province",
        "Hambantota",
        "138",
        "8"
    ],
    [
        "Havelock Town Branch",
        6.894067,
        79.861591,
        93,
        "No 100, Havelock Road, Colombo 05. Tel: 0114542011 ",
        "Monday - Friday : 9.00 am to 3.00 pm, Saturdays : 9.00 am to 12.00 noon, Sundays & Bank Holidays : Closed",
        "Western Province",
        "Colombo 05",
        "2",
        "10"
    ],
    [
        "Hikkaduwa Branch",
        6.1402,
        80.0995,
        92,
        "No 08, Galle Road, Hikkaduwa. Tel: 0914946525",
        "Monday - Friday : 9.00 am to 3.00 pm, Weekends & Bank Holidays : Closed ",
        "Southern Province",
        "Hikkaduwa",
        "229",
        "8"
    ],
    [
        "Homagama Branch",
        6.842785,
        80.006003,
        91,
        "No.113 A, High Level Road, Homagama. Tel: 0114209190",
        "Monday - Friday : 9.00 am to 3.00 pm, Weekends & Bank Holidays : Closed ",
        "Western Province",
        "Homagama",
        "35",
        "10"
    ],
    [
        "Horana Branch",
        6.716644,
        80.065245,
        90,
        "No.192 B, Ratnapura Road, Horana. Tel: 0344947252",
        "Monday - Friday : 9.00 am to 3.00 pm, Weekends & Bank Holidays : Closed",
        "Western Province",
        "Horana",
        "36",
        "10"
    ],
    [
        "Ja-ela",
        7.074477,
        79.891858,
        89,
        "No. 176, Colombo Road,  Ja-ela. Tel: 0114347290",
        "Monday - Friday : 9.00 am to 3.00 pm, Weekends & Bank Holidays : Closed ",
        "Western Province",
        "Ja-ela",
        "38",
        "10"
    ],
    [
        "Jaffna Branch",
        9.669294,
        80.012042,
        88,
        "No.35, Stanley Street, Jaffna. Tel: 0214920283",
        "Monday - Friday : 9.00 am to 3.00 pm, Saturdays : 9.00 am to 12.00 noon, Sundays & Bank Holidays : Closed",
        "Nothern Province",
        "Jaffna",
        "66",
        "6"
    ],
    [
        "JKH Waterfront ATM",
        6.925092,
        79.848828,
        87,
        "Water Front, 92, Glennie Street, Colombo 2",
        "",
        "Western Province",
        "Colombo",
        "278",
        "10"
    ],
    [
        "Kadawatha Branch",
        7.003746,
        79.956663,
        86,
        "No 144/1A, Sumitomo Building, Kandy Road, Kadawatha. Tel: 0117857397",
        "Monday - Friday : 9.00 am to 3.00 pm, Weekends & Bank Holidays : Closed ",
        "Western Province",
        "Kadawatha",
        "39",
        "10"
    ],
    [
        "Kaduruwela Branch",
        7.926436,
        81.035747,
        85,
        "No. 292, Sawmill Junction, Kaduruwela, Polonnaruwa. Tel: 0274924765",
        "Monday - Friday : 9.00 am to 3.00 pm, Weekends & Bank Holidays : Closed ",
        "North-Central Province",
        "Polonnaruwa",
        "91",
        "3"
    ],
    [
        "Kaduwela Branch",
        6.937423,
        79.979142,
        84,
        "No.510, Colombo Road, Kaduwela. Tel: 0114389766",
        "Monday - Friday : 9.00 am to 3.00 pm, Weekends & Bank Holidays : Closed ",
        "Western Province",
        "Kaduwela",
        "40",
        "10"
    ],
    [
        "Kalmunai Branch",
        7.417941,
        81.823783,
        83,
        "No 174, Batticoloa Road, Kalmunai. Tel: 0674924037",
        "Monday - Friday : 9.00 am to 3.00 pm, Weekends & Bank Holidays : Closed ",
        "Eastern Province",
        "Kalmunai",
        "98",
        "2"
    ],
    [
        "Kalubowila Keels",
        6.863152,
        79.86654,
        82,
        "No. 53, Hospital Road, Kalubowila, Dehiwala",
        "",
        "Western Province",
        "Dehiwala",
        "30",
        "10"
    ],
    [
        "Kalutara",
        6.578744,
        79.962354,
        81,
        "No. 340 Main Street, Kalutara 12000",
        "Monday - Friday : 9.00am to 3.00pm",
        "Western Province",
        "Kalutara",
        "41",
        "10"
    ],
    [
        "Kandana",
        7.035651,
        79.8954802,
        80,
        "Keells Super Kandana, No.176, Nagoda Road, Kandana.",
        "",
        "Western Province",
        "Kandana",
        "42",
        "10"
    ],
    [
        "Kandy",
        7.28976,
        80.632368,
        79,
        "Sri Lanka Railway Station, Kandy.",
        "",
        "Central Province",
        "Kandy",
        "111",
        "1"
    ],
    [
        "Kandy Branch",
        7.296736,
        80.636509,
        78,
        "No. 147, Kotugodella Veediya, Kandy. Tel: 0814471701",
        "Monday - Friday : 9.00 am to 3.00 pm, Weekends & Bank Holidays : Closed ",
        "Central Province",
        "Kandy",
        "111",
        "1"
    ],
    [
        "Kandy City Centre\n",
        7.292335,
        80.636768,
        77,
        "Kandy City Centre, Level 01, Dalada Veediya, Kandy. Tel: 0814501051",
        "Monday - Friday : 9.00 am to 3.00 pm, Weekends & Bank Holidays : Closed ",
        "Central Province",
        "Kandy",
        "111",
        "1"
    ],
    [
        "Karapitiya Branch",
        6.068142,
        80.228263,
        76,
        "No 241, Hirimbura Road, Karapitiya. Tel: 0914946304",
        "Monday - Friday : 9.00 am to 3.00 pm, Weekends & Bank Holidays : Closed ",
        "Southern Province",
        "Karapitiya",
        "139",
        "8"
    ],
    [
        "Katugastota Branch",
        7.323171,
        80.62228,
        75,
        "146, Kurunegala Road, Katugastota. Tel: 0814953224",
        "Monday - Friday : 9.00 am to 3.00 pm, Weekends & Bank Holidays : Closed ",
        "Central Province",
        "Katugastota",
        "112",
        "1"
    ],
    [
        "Keells Rajagiriya",
        6.90675,
        79.902306,
        74,
        "Keells Super Rajagiriya, No.475, Sri Jayawardenapura Road, Rajagiriya",
        "",
        "Western Province",
        "Rajagiriya",
        "62",
        "10"
    ],
    [
        "Keels Kalubowila",
        6.863152,
        79.86654,
        73,
        "No. 53, Hospital Road, Kalubowila, Dehiwala.",
        "",
        "Western Province",
        "Dehiwala",
        "30",
        "10"
    ],
    [
        "Kegalle Branch",
        7.253222,
        80.348356,
        72,
        "No. 176, Walawwa Watta, Kegalle. Tel: 0354935161",
        "Monday - Friday : 9.00 am to 3.00 pm, Weekends & Bank Holidays : Closed ",
        "Sabaragamuwa Povince",
        "Kegalle",
        "126",
        "7"
    ],
    [
        "Kiribathgoda Branch",
        6.977728,
        79.929042,
        71,
        "No. 69, Makola Road, Kiribathgoda. Tel: 0114820381",
        "Monday - Friday : 9.00 am to 3.00 pm, Saturdays : 9.00 am to 12.00 noon, Sundays & Bank Holidays : Closed",
        "Sabaragamuwa Povince",
        "Kiribathgoda",
        "43",
        "10"
    ],
    [
        "Kohuwala",
        6.866355,
        79.885168,
        70,
        "Laughs Sun-up Super Market, No. 17, Sunethradevi Mawatha, Kohuwala.",
        "",
        "Western Province",
        "Kohuwala",
        "171",
        "10"
    ],
    [
        "Kohuwala Branch",
        6.869543,
        79.880834,
        69,
        "No. 135A, Dutugamunu Street, Kohuwala. Tel: 0114200556",
        "Monday - Friday : 9.00 am to 3.00 pm, Saturdays : 9.00 am to 12.00 noon, Sundays & Bank Holidays : Closed",
        "Western Province",
        "Kohuwala",
        "171",
        "10"
    ],
    [
        "Kollupitiya Branch",
        6.905234,
        79.851957,
        68,
        "Lee Hedges Towers, No.349, Galle Road, Colombo 03. Tel: 0114622181",
        "Monday - Friday : 9.00 am to 3.00 pm, Saturdays : 9.00 am to 12.00 noon, Sundays & Bank Holidays : Closed",
        "Western Province",
        "Colombo 03",
        "9",
        "10"
    ],
    [
        "Kotahena Branch",
        6.948324,
        79.860594,
        67,
        "No 258,  George R De Silva Mw, Colombo 13. Tel: 0114618721",
        "Monday - Friday : 9.00 am to 3.00 pm, Weekends & Bank Holidays : Closed ",
        "Western Province",
        "Colombo 13",
        "12",
        "10"
    ],
    [
        "Kottawa Branch",
        6.842989,
        79.960826,
        66,
        "269/1, Mahawarawa Junction, Kottawa. Tel: 0114388428",
        "Monday - Friday : 9.00 am to 3.00 pm, Weekends & Bank Holidays : Closed ",
        "Western Province",
        "Kottawa",
        "45",
        "10"
    ],
    [
        "Kottawa Keells",
        6.836403,
        79.965515,
        65,
        "Keells super, No:119, Horana Road, Kottawa",
        "",
        "Western Province",
        "Kottawa",
        "45",
        "10"
    ],
    [
        "Kuliyapitiya Branch",
        7.473102,
        80.044678,
        64,
        "No. 72A, Hettipola Road, Kuliyapitiya. Tel: 0374944361",
        "Monday - Friday : 9.00 am to 3.00 pm, Weekends & Bank Holidays : Closed ",
        "North-Western Province",
        "Kuliyapitiya",
        "78",
        "5"
    ],
    [
        "Kurunegala Branch",
        7.488466,
        80.362211,
        63,
        "No. 37, Puttalam Road, Kurunegala. Tel: 0374690461",
        "Monday - Friday : 9.00 am to 3.00 pm, Saturdays : 9.00 am to 12.00 noon, Sundays & Bank Holidays : Closed",
        "North-Western Province",
        "Kurunegala",
        "79",
        "5"
    ],
    [
        "Mahabage Branch",
        7.021495,
        79.899379,
        62,
        "No. 590, Negombo Road, Mahabage. Tel: 0114818580",
        "Monday - Friday : 9.00 am to 3.00 pm, Weekends & Bank Holidays : Closed ",
        "Western Province",
        "Mahabage",
        "283",
        "10"
    ],
    [
        "Maharagama Branch",
        6.849357,
        79.923796,
        61,
        "No. 129, High Level Road, Maharagama. Tel: 0114309134",
        "Monday - Friday : 9.00 am to 3.00 pm, Saturdays : 9.00 am to 12.00 noon, Sundays & Bank Holidays : Closed",
        "Western Province",
        "Maharagama",
        "46",
        "10"
    ],
    [
        "Malabe Branch",
        6.902058,
        79.956086,
        60,
        "No. 410/4 Athurugiriya Road, Malabe. Tel: 0117857668",
        "Monday - Friday : 9.00 am to 3.00 pm, Weekends & Bank Holidays : Closed ",
        "Western Province",
        "Malabe",
        "16",
        "10"
    ],
    [
        "Matale Branch",
        7.472346,
        80.62432,
        59,
        "No. 237/241, Main Street, Matale. Tel: 0664935541",
        "Monday - Friday : 9.00 am to 3.00 pm, Weekends & Bank Holidays : Closed ",
        "Central Province",
        "Matale",
        "114",
        "1"
    ],
    [
        "Matara Branch",
        5.9501,
        80.547965,
        58,
        "No. 56, Esplanade Road, Matara. Tel: 0414928971 / 0414928972 / 0414928974",
        "Monday - Friday : 9.00 am to 3.00 pm, Saturdays : 9.00 am to 12.00 noon, Sundays & Bank Holidays : Closed",
        "Southern Province",
        "Matara",
        "142",
        "8"
    ],
    [
        "Matara off site ATM - SK Cinema (Pvt) Limited",
        5.944042,
        80.549884,
        57,
        "No. 07, Beach Road, Matara.",
        "",
        "Southern Province",
        "Matara",
        "142",
        "8"
    ],
    [
        "Mathugama Branch",
        6.522181,
        80.117019,
        56,
        "No. 123/1,  Agalawatta Road, Matugama. Tel: 0344941034",
        "Monday - Friday : 9.00 am to 3.00 pm, Weekends & Bank Holidays : Closed ",
        "Western Province",
        "Mathugama",
        "17",
        "10"
    ],
    [
        "Mawathagama Branch",
        7.433692,
        80.445041,
        55,
        "No 56, Kurunegala Road, Mawathagama. Tel: 0374941726 / 0374941727",
        "Monday - Friday : 9.00 am to 3.00 pm, Weekends & Bank Holidays : Closed ",
        "North-Central Province",
        "Mawathagama",
        "284",
        "5"
    ],
    [
        "Minuwangoda Branch",
        7.170033,
        79.945647,
        54,
        "No.59, Negombo Road, Minuwangoda. Tel: 0114061750",
        "Monday - Friday : 9.00 am to 3.00 pm, Weekends & Bank Holidays : Closed ",
        "Western Province",
        "Minuwangoda",
        "48",
        "10"
    ],
    [
        "Miriswatta",
        7.072572,
        80.015125,
        53,
        "Lanka Filling Station, No: 144, Kandy Road, Miriswatte, Mudungoda.",
        "",
        "Western Province",
        "Mudungoda",
        "281",
        "10"
    ],
    [
        "Monaragala Branch",
        6.866096,
        81.345754,
        52,
        "No. 190, Wellawaya Rd, Monaragala. Tel: 0554936166",
        "Monday - Friday : 9.00 am to 3.00 pm, Weekends & Bank Holidays : Closed ",
        "Uva Province",
        "Monaragala",
        "154",
        "9"
    ],
    [
        "Moratuwa Branch",
        6.776391,
        79.882406,
        51,
        "No. 89, New Galle Road, Moratuwa. Tel: 0114203042",
        "Monday - Friday : 9.00 am to 3.00 pm, Weekends & Bank Holidays : Closed ",
        "Western Province",
        "Moratuwa",
        "52",
        "10"
    ],
    [
        "Mount Lavinia Branch",
        6.841494,
        79.867181,
        50,
        "No. 269, Galle Road, Mount Lavinia Branch. Tel: 0114210554",
        "Monday - Friday : 9.00 am to 3.00 pm, Saturdays : 9.00 am to 12.00 noon, Sundays & Bank Holidays : Closed",
        "Western Province",
        "Mount Lavinia",
        "53",
        "10"
    ],
    [
        "Nadimala",
        6.8497733,
        79.8767227,
        49,
        "Laughs Sun-up Super Market, No. 288, Hill Sreet, Dehiwala.",
        "",
        "Western Province",
        "Dehiwala",
        "30",
        "10"
    ],
    [
        "Narahenpita",
        6.892708,
        79.876154,
        48,
        "No. 255/2, Kirula Road, Colombo 05. Tel: 0114062442",
        "Monday - Friday : 9.00 am to 3.00 pm, Weekends & Bank Holidays : Closed ",
        "Western Province",
        "Narahenpita",
        "230",
        "10"
    ],
    [
        "Navinna",
        6.854941,
        79.914001,
        47,
        "Arpico Super Centre, No.310, High Level Road, Navinna, Maharagama.",
        "",
        "Western Province",
        "Maharagama",
        "46",
        "10"
    ],
    [
        "Nawala Branch",
        6.885603,
        79.88701,
        46,
        "No. 267A, Nawala Road, Nawala. Tel: 0114885501",
        "Monday - Friday : 9.00 am to 3.00 pm, Weekends & Bank Holidays : Closed ",
        "Western Province",
        "Nawala",
        "20",
        "10"
    ],
    [
        "Nawam Mawatha Branch",
        6.919267,
        79.850914,
        45,
        "No. 46/58, Nawam Mawatha, Colombo 02. Tel: 0114955399",
        "Monday - Friday : 9.00 am to 3.00 pm, Weekends & Bank Holidays : Closed ",
        "Western Province",
        "Colombo 02",
        "19",
        "10"
    ],
    [
        "Negombo",
        7.2007064,
        79.8472736,
        44,
        "Keells Super Negombo,  No.41, Archibishop Nocholas Marcus Fernando Mawatha, Negombo.",
        "",
        "Western Province",
        "Negombo",
        "54",
        "10"
    ],
    [
        "Negombo Branch",
        7.212673,
        79.839618,
        43,
        "No.72A, Old Chilaw Road, Negombo. Tel: 0314874306 ",
        "Monday - Friday : 9.00 am to 3.00 pm, Saturdays : 9.00 am to 12.00 noon, Sundays & Bank Holidays : Closed",
        "Western Province",
        "Negombo",
        "54",
        "10"
    ],
    [
        "Nelliady Branch",
        9.799546,
        80.196179,
        42,
        "171/1, Jaffna - Point Pedro Road, Nelliady. Tel: 0214923450",
        "Monday - Friday : 9.00 am to 3.00 pm, Weekends & Bank Holidays : Closed ",
        "Nothern Province",
        "Nelliady",
        "69",
        "6"
    ],
    [
        "Nittambuwa Branch",
        7.145051,
        80.095981,
        41,
        "No. 39, Kandy Road, Nittambuwa. Tel: 0334944292 / 0334944294 / 0334944299",
        "Monday - Friday : 9.00 am to 3.00 pm, Weekends & Bank Holidays : Closed ",
        "Western Province",
        "Nittambuwa",
        "55",
        "10"
    ],
    [
        "Nugegoda Branch",
        6.871205,
        79.88526,
        40,
        "No. 128, High Level Road, Nugegoda. Tel: 0114300450 / 0114300460",
        "Monday - Friday : 9.00 am to 3.00 pm, Saturdays : 9.00 am to 12.00 noon, Sundays & Bank Holidays : Closed",
        "Western Province",
        "Nugegoda",
        "50",
        "10"
    ],
    [
        "Nuwara Eliya Branch",
        6.975988,
        80.765637,
        39,
        "No 86, Kandy Road, Nuwara Eliya. Tel: 0524925036",
        "Monday - Friday : 9.00 am to 3.00 pm, Weekends & Bank Holidays : Closed ",
        "Central Province",
        "Nuwara Eliya",
        "116",
        "1"
    ],
    [
        "Old Moor Street Branch",
        6.940306,
        79.86319,
        38,
        "No 360, Old Moor Street, Colombo 12. Tel: 0114385712 / 0114385713 / 0114385715",
        "Monday - Friday : 9.00 am to 3.00 pm, Weekends & Bank Holidays : Closed ",
        "Western Province",
        "Colombo 12",
        "1",
        "10"
    ],
    [
        "Panadura Arpico",
        6.707657,
        79.9082,
        37,
        "Arpico super center, No. 542, Galle road, Panadura",
        "",
        "Western Province",
        "Panadura",
        "57",
        "10"
    ],
    [
        "Panadura Branch",
        6.722439,
        79.907415,
        36,
        "No. 229, Galle Road, Panadura. Tel: 0384281802",
        "Monday - Friday : 9.00 am to 3.00 pm, Weekends & Bank Holidays : Closed ",
        "Western Province",
        "Panadura",
        "57",
        "10"
    ],
    [
        "PBC KANDANA",
        7.050369,
        79.896406,
        35,
        "Arpico Daily, No: 88, Negambo road, Kandana",
        "",
        "Western Province",
        "Kandana",
        "42",
        "10"
    ],
    [
        "PBC NEGOMBO",
        7.199571,
        79.850559,
        34,
        "Keells Super Negombo,  No.41, Archibishop Nocholas Marcus Fernando Mawatha, Negombo",
        "",
        "",
        "Negombo",
        "54",
        "10"
    ],
    [
        "PBC RAJAGIRIYA",
        6.906899,
        79.902323,
        33,
        "Keells Super Rajagiriya, No.475, Sri Jayawardenapura Road, Rajagiriya",
        "",
        "Western Province",
        "Rajagiriya",
        "62",
        "10"
    ],
    [
        "PBC WATTALA",
        6.987894,
        79.891031,
        32,
        "Keells Super-Wattala, No.385, Negombo Road, Wattala",
        "",
        "Western Province",
        "Wattala",
        "63",
        "10"
    ],
    [
        "Peradeniya Branch",
        7.274072,
        80.613381,
        31,
        "No. 903/18, Royal Mall Complex, William Gopallawa Mawatha, Kandy. Tel: 0814930653 /0814930654",
        "Monday - Friday : 9.00 am to 3.00 pm, Saturdays : 9.00 am to 12.00 noon, Sundays & Bank Holidays : Closed",
        "Central Province",
        "Kandy",
        "111",
        "1"
    ],
    [
        "Pettah Bankshall Street Branch",
        6.938907,
        79.850408,
        30,
        "No. 54A, Bankshall Street, Colombo 11. Tel: 0117858131 / 0117858136 / 0117858141",
        "Monday - Friday : 9.00 am to 3.00 pm, Saturdays : 9.00 am to 12.00 noon, Sundays & Bank Holidays : Closed",
        "Western Province",
        "Colombo 11",
        "21",
        "10"
    ],
    [
        "Pettah Main Branch",
        6.939365,
        79.853035,
        29,
        "No. 244, Main Street, Colombo 11. Tel: 0114627777 / 0114720094 / 0114724356 / 0114724284 / 0114737926",
        "Monday - Friday : 9.00 am to 3.00 pm, Weekends & Bank Holidays : Closed ",
        "Western Province",
        "Colombo 11",
        "21",
        "10"
    ],
    [
        "Pilimathalawa",
        7.265594,
        80.555465,
        28,
        "No.234, Colombo Road, Pilimathalawa 20450",
        "Monday - Friday : 9.00am to 3.00pm",
        "Central Province",
        "Pilimathalawa",
        "280",
        "1"
    ],
    [
        "Piliyandala Branch",
        6.801521,
        79.921947,
        27,
        "No. 30, Moratuwa Road, Piliyandala. Tel: 0114339434 / 0114339435 / 0114339436",
        "Monday - Friday : 9.00 am to 3.00 pm, Weekends & Bank Holidays : Closed ",
        "Western Province",
        "Piliyandala",
        "58",
        "10"
    ],
    [
        "Pitakotte",
        6.883101,
        79.901943,
        26,
        "No. 338, Kotte Road, Pitakotte.",
        "",
        "Western Province",
        "Pitakotte",
        "178",
        "10"
    ],
    [
        "Private Banking Centre",
        6.909212,
        79.863752,
        25,
        "4A, Independence Avenue, Colombo 07. Tel: 0114889840",
        "Monday - Friday : 9.00 am to 3.00 pm, Weekends & Bank Holidays : Closed ",
        "Western Province",
        "Colombo 07",
        "3",
        "10"
    ],
    [
        "Processing Centre",
        6.952535,
        79.858698,
        24,
        "No. 256, Sri Ramanathan Mawatha, Kotahena, Colombo 15",
        "",
        "Western Province",
        "Colombo 15",
        "18",
        "10"
    ],
    [
        "Ragama",
        7.031658,
        79.921914,
        23,
        "Ragama Leesons Hospital, No. 32, Thewatta Road, Ragama.",
        "",
        "Western Province",
        "Ragama",
        "59",
        "10"
    ],
    [
        "Rajagiriya",
        6.8842188,
        79.901918,
        22,
        "Keells Super Rajagiriya, No.475, Sri Jayawardenapura Road, Rajagiriya.",
        "",
        "Western Province",
        "Rajagiriya",
        "62",
        "10"
    ],
    [
        "Rajagiriya Branch",
        6.908626,
        79.897841,
        21,
        "No. 196, Sri Jayawardenapura Mawatha, Welikada, Rajagiriya. Tel: 0114061833 / 0114061838",
        "Monday - Friday : 9.00 am to 3.00 pm, Weekends & Bank Holidays : Closed ",
        "Western Province",
        "Rajagiriya",
        "62",
        "10"
    ],
    [
        "Ratnapura Branch",
        6.679833,
        80.405408,
        20,
        "No 189, Main Street, Ratnapura. Tel: 0454928271 ",
        "Monday - Friday : 9.00 am to 3.00 pm, Saturdays : 9.00 am to 12.00 noon, Sundays & Bank Holidays : Closed",
        "Sabaragamuwa Povince",
        "Ratnapura",
        "130",
        "7"
    ],
    [
        "Ratnapura Offsite ATM",
        6.6863523,
        80.3959302,
        19,
        "No 278, Colombo Road, Ratnapura",
        "",
        "Sabaragamuwa Province",
        "Ratnapura",
        "130",
        "7"
    ],
    [
        "Seeduwa",
        7.131139,
        79.87642,
        18,
        "Laughfs Sun-up Super Market, No: 10, Kotugoda Road,  Seeduwa.",
        "",
        "Western Province",
        "Seeduwa",
        "61",
        "10"
    ],
    [
        "SKCinema Matara",
        5.944042,
        80.549884,
        17,
        "SK Cinema (Pvt) Limited, No. 07, Beach Road, Matara",
        "",
        "Southern Province",
        "Matara",
        "142",
        "8"
    ],
    [
        "SLIIT",
        6.914863,
        79.973332,
        16,
        "SLIIT,New Kandy Road, Malabe",
        "",
        "Western Province",
        "Malabe",
        "16",
        "10"
    ],
    [
        "Sri Sangaraja Mawatha Branch",
        6.933072,
        79.863647,
        15,
        "No. 545 A, Sri Sangaraja Mawatha ,Colombo 10. Tel: 0114720092",
        "Monday - Friday : 9.00 am to 3.00 pm, Weekends & Bank Holidays : Closed ",
        "Western Province",
        "Colombo 10",
        "10",
        "10"
    ],
    [
        "Tangalle",
        6.031011,
        80.796092,
        14,
        "No. 110, Tissa Road, Tangalle. Tel: 0474937448 / 0474937444 / 0474937447",
        "Monday - Friday : 9.00 am to 3.00 pm, Weekends & Bank Holidays : Closed ",
        "Southern Province",
        "Tangalle",
        "146",
        "8"
    ],
    [
        "Thalawathugoda Branch",
        6.877112,
        79.935343,
        13,
        "No. 245/2, Pannipitiya Road, Thalawathugoda. Tel: 0114412553 / 0114412557",
        "Monday - Friday : 9.00 am to 3.00 pm, Saturdays : 9.00 am to 12.00 noon, Sundays & Bank Holidays : Closed",
        "Western Province",
        "Thalawathugoda",
        "23",
        "10"
    ],
    [
        "Tissamaharama Branch",
        6.279408,
        81.284182,
        12,
        "No. 43/2,  Kachcheriyagama, Hambanthota Road,  Tissamaharama. Tel: 0474937197",
        "Monday - Friday : 9.00 am to 3.00 pm, Weekends & Bank Holidays : Closed ",
        "Southern Province",
        "Tissamaharama",
        "147",
        "8"
    ],
    [
        "Trincomalee Branch",
        8.577619,
        81.232054,
        11,
        "No. 96, Main Street ,Trincomalee. Tel: 0264925435 / 0264925437",
        "Monday - Friday : 9.00 am to 3.00 pm, Weekends & Bank Holidays : Closed ",
        "Eastern Province",
        "Trincomalee",
        "103",
        "2"
    ],
    [
        "Vavuniya Branch",
        8.751898,
        80.497134,
        10,
        "No. 45A, 2nd Cross Street, Vavuniya. Tel: 0244924800",
        "Monday - Friday : 9.00 am to 3.00 pm, Weekends & Bank Holidays : Closed ",
        "Nothern Province",
        "Vavuniya",
        "71",
        "6"
    ],
    [
        "Ward Place",
        6.916755,
        79.86533,
        9,
        "No. 16, Ward Place, Colombo 7. Tel: 0114719933 / 0114456200 / 0114456204",
        "Monday - Friday : 9.00 am to 3.00 pm, Weekends & Bank Holidays : Closed ",
        "Western Province",
        "Colombo 07",
        "3",
        "10"
    ],
    [
        "Wariyapola Branch",
        7.620532,
        80.245488,
        8,
        "No. 84, Puttalam Road, Wariyapola. Tel: 0374947530",
        "Monday - Friday : 9.00 am to 3.00 pm, Weekends & Bank Holidays : Closed ",
        "North-Western Province",
        "Wariyapola",
        "85",
        "5"
    ],
    [
        "Wattala",
        6.990965,
        79.893906,
        7,
        "No. 492, Negombo Road, Wattala.",
        "",
        "Western Province",
        "Wattala",
        "63",
        "10"
    ],
    [
        "Wattala Branch",
        6.990965,
        79.893906,
        6,
        "No. 492, Negombo Road, Wattala. Tel: 0114812621",
        "Monday - Friday : 9.00 am to 3.00 pm, Saturdays : 9.00 am to 12.00 noon, Sundays & Bank Holidays : Closed",
        "Western Province",
        "Wattala",
        "63",
        "10"
    ],
    [
        "Weligama",
        5.972872,
        80.429396,
        5,
        "No. 354/29, Samaraweera Place, Sirimavo Bandaranayake Mw, Weligama. Tel; 0414938343 / 0414938344 / 0414938348",
        "Monday - Friday : 9.00 am to 3.00 pm, Weekends & Bank Holidays : Closed ",
        "Western Province",
        "Weligama",
        "241",
        "8"
    ],
    [
        "Wellawatte Branch",
        6.864487,
        79.863555,
        4,
        "No. 595, Galle Road, Wellawatte. Tel: 0114519772 / 0114519773",
        "Monday - Friday : 9.00 am to 3.00 pm, Weekends & Bank Holidays : Closed ",
        "Western Province",
        "Wellawatte",
        "277",
        "10"
    ],
    [
        "Wennappuwa Branch",
        7.336082,
        79.84403,
        3,
        "No. 289, Chilaw Road, Wennappuwa. Tel; 0314936590",
        "Monday - Friday : 9.00 am to 3.00 pm, Weekends & Bank Holidays : Closed ",
        "North-Western Province",
        "Wennappuwa",
        "87",
        "5"
    ],
    [
        "World Trade Center",
        6.932383,
        79.844078,
        2,
        "Level 3, Westblock, World trade Center, Echelon Square, Colombo 01.",
        "",
        "Western Province",
        "Colombo 01",
        "6",
        "10"
    ],
    [
        "World Trade Center",
        6.932383,
        79.844078,
        1,
        "Unit L03/EB/01, Level 03, East Tower, Echelon. Tel: 0114365184 / 0114365185",
        "Monday - Friday : 9.00 am to 3.00 pm, Weekends & Bank Holidays : Closed ",
        "Western Province",
        "Colombo 01",
        "6",
        "10"
    ]
]